datetime,epoch,arduino_timestamp,system,json
2026-08-28 16:08:51.000,1787904531.0,493292,,"{""seq"":9768,""timestamp"":493292,""system"":"""",""imu_data"":[{""body"":""back_upper"",""ok"":true,""cal"":true,""heading"":-1.79,""pitch"":-32.53,""roll"":-21.71},{""body"":""back_lower"",""ok"":true,""cal"":true,""heading"":5.85,""pitch"":28.78,""roll"":31.28},{""body"":""left_arm"",""ok"":true,""cal"":true,""heading"":13.45,""pitch"":19.57,""roll"":-28.83},{""body"":""right_arm"",""ok"":true,""cal"":true,""heading"":-44.11,""pitch"":29.46,""roll"":31.31},{""body"":""left_forearm"",""ok"":true,""cal"":true,""heading"":32.91,""pitch"":-8.89,""roll"":-41.99},{""body"":""right_forearm"",""ok"":true,""cal"":true,""heading"":-12.86,""pitch"":0.81,""roll"":27.67},{""body"":""left_hand"",""ok"":true,""cal"":true,""heading"":-44.14,""pitch"":-13.65,""roll"":-20.21},{""body"":""right_hand"",""ok"":true,""cal"":true,""heading"":-8.63,""pitch"":-4.87,""roll"":-13.09}]}"
2026-08-28 16:08:51.208,1787904531.208,493500,,"{""seq"":9772,""timestamp"":493500,""system"":"""",""imu_data"":[{""body"":""back_upper"",""ok"":true,""cal"":true,""heading"":-2.34,""pitch"":-33.17,""roll"":-21.1},{""body"":""back_lower"",""ok"":true,""cal"":true,""heading"":6.04,""pitch"":29.23,""roll"":31.54},{""body"":""left_arm"",""ok"":true,""cal"":true,""heading"":12.77,""pitch"":19.4,""roll"":-29.5},{""body"":""right_arm"",""ok"":true,""cal"":true,""heading"":-44.18,""pitch"":30.01,""roll"":31.27},{""body"":""left_forearm"",""ok"":true,""cal"":true,""heading"":32.33,""pitch"":-9.01,""roll"":-42.04},{""body"":""right_forearm"",""ok"":true,""cal"":true,""heading"":-12.5,""pitch"":1.15,""roll"":27.69},{""body"":""left_hand"",""ok"":true,""cal"":true,""heading"":-43.36,""pitch"":-13.95,""roll"":-21.54},{""body"":""right_hand"",""ok"":true,""cal"":true,""heading"":-8.97,""pitch"":-4.72,""roll"":-12.9}]}"
2026-08-28 16:08:51.357,1787904531.357,493649,,"{""seq"":9775,""timestamp"":493649,""system"":"""",""imu_data"":[{""body"":""back_upper"",""ok"":true,""cal"":true,""heading"":-2.63,""pitch"":-33.49,""roll"":-20.73},{""body"":""back_lower"",""ok"":true,""cal"":true,""heading"":6.02,""pitch"":29.49,""roll"":31.6},{""body"":""left_arm"",""ok"":true,""cal"":true,""heading"":13.31,""pitch"":19.44,""roll"":-28.44},{""body"":""right_arm"",""ok"":true,""cal"":true,""heading"":-44.33,""pitch"":30.52,""roll"":31.57},{""body"":""left_forearm"",""ok"":true,""cal"":true,""heading"":31.82,""pitch"":-10.47,""roll"":-41.8},{""body"":""right_forearm"",""ok"":true,""cal"":true,""heading"":-11.65,""pitch"":1.56,""roll"":28.51},{""body"":""left_hand"",""ok"":true,""cal"":true,""heading"":-44.55,""pitch"":-15.58,""roll"":-18.78},{""body"":""right_hand"",""ok"":true,""cal"":true,""heading"":-10.14,""pitch"":-4.32,""roll"":-12.0}]}"
2026-08-28 16:08:51.570,1787904531.57,493862,,"{""seq"":9779,""timestamp"":493862,""system"":"""",""imu_data"":[{""body"":""back_upper"",""ok"":true,""cal"":true,""heading"":-2.53,""pitch"":-31.87,""roll"":-20.52},{""body"":""back_lower"",""ok"":true,""cal"":true,""heading"":4.7,""pitch"":29.36,""roll"":29.57},{""body"":""left_arm"",""ok"":true,""cal"":true,""heading"":22.54,""pitch"":16.96,""roll"":-14.96},{""body"":""right_arm"",""ok"":true,""cal"":true,""heading"":-45.03,""pitch"":30.34,""roll"":31.31},{""body"":""left_forearm"",""ok"":true,""cal"":true,""heading"":29.76,""pitch"":-13.63,""roll"":-35.26},{""body"":""right_forearm"",""ok"":true,""cal"":true,""heading"":-10.55,""pitch"":2.68,""roll"":31.04},{""body"":""left_hand"",""ok"":true,""cal"":true,""heading"":-31.67,""pitch"":-36.97,""roll"":-23.76},{""body"":""right_hand"",""ok"":true,""cal"":true,""heading"":-14.23,""pitch"":-2.29,""roll"":-13.21}]}"
2026-08-28 16:08:51.774,1787904531.774,494066,,"{""seq"":9783,""timestamp"":494066,""system"":"""",""imu_data"":[{""body"":""back_upper"",""ok"":true,""cal"":true,""heading"":-1.77,""pitch"":-29.52,""roll"":-20.68},{""body"":""back_lower"",""ok"":true,""cal"":true,""heading"":3.72,""pitch"":27.51,""roll"":28.21},{""body"":""left_arm"",""ok"":true,""cal"":true,""heading"":32.05,""pitch"":9.01,""roll"":-2.59},{""body"":""right_arm"",""ok"":true,""cal"":true,""heading"":-44.45,""pitch"":31.63,""roll"":31.03},{""body"":""left_forearm"",""ok"":true,""cal"":true,""heading"":32.09,""pitch"":-9.8,""roll"":-18.44},{""body"":""right_forearm"",""ok"":true,""cal"":true,""heading"":-10.22,""pitch"":5.45,""roll"":34.8},{""body"":""left_hand"",""ok"":true,""cal"":true,""heading"":5.79,""pitch"":-39.91,""roll"":-62.74},{""body"":""right_hand"",""ok"":true,""cal"":true,""heading"":-19.18,""pitch"":0.67,""roll"":-15.89}]}"
2026-08-28 16:08:51.982,1787904531.982,494274,,"{""seq"":9787,""timestamp"":494274,""system"":"""",""imu_data"":[{""body"":""back_upper"",""ok"":true,""cal"":true,""heading"":-0.57,""pitch"":-28.16,""roll"":-21.59},{""body"":""back_lower"",""ok"":true,""cal"":true,""heading"":3.31,""pitch"":26.01,""roll"":27.25},{""body"":""left_arm"",""ok"":true,""cal"":true,""heading"":34.41,""pitch"":1.2,""roll"":4.55},{""body"":""right_arm"",""ok"":true,""cal"":true,""heading"":-42.99,""pitch"":30.71,""roll"":31.74},{""body"":""left_forearm"",""ok"":true,""cal"":true,""heading"":32.74,""pitch"":-3.03,""roll"":-3.6},{""body"":""right_forearm"",""ok"":true,""cal"":true,""heading"":-8.07,""pitch"":5.81,""roll"":37.92},{""body"":""left_hand"",""ok"":true,""cal"":true,""heading"":17.83,""pitch"":-17.94,""roll"":-86.38},{""body"":""right_hand"",""ok"":true,""cal"":true,""heading"":-20.88,""pitch"":1.97,""roll"":-27.16}]}"
2026-08-28 16:08:52.132,1787904532.132,494424,,"{""seq"":9790,""timestamp"":494424,""system"":"""",""imu_data"":[{""body"":""back_upper"",""ok"":true,""cal"":true,""heading"":-0.51,""pitch"":-26.96,""roll"":-20.91},{""body"":""back_lower"",""ok"":true,""cal"":true,""heading"":3.37,""pitch"":24.88,""roll"":26.82},{""body"":""left_arm"",""ok"":true,""cal"":true,""heading"":29.52,""pitch"":-5.59,""roll"":11.71},{""body"":""right_arm"",""ok"":true,""cal"":true,""heading"":-38.02,""pitch"":32.73,""roll"":41.16},{""body"":""left_forearm"",""ok"":true,""cal"":true,""heading"":27.24,""pitch"":5.15,""roll"":5.12},{""body"":""right_forearm"",""ok"":true,""cal"":true,""heading"":2.87,""pitch"":2.06,""roll"":44.9},{""body"":""left_hand"",""ok"":true,""cal"":true,""heading"":16.36,""pitch"":-11.33,""roll"":-60.9},{""body"":""right_hand"",""ok"":true,""cal"":true,""heading"":-25.74,""pitch"":1.47,""roll"":-27.99}]}"
2026-08-28 16:08:52.282,1787904532.282,494574,,"{""seq"":9793,""timestamp"":494574,""system"":"""",""imu_data"":[{""body"":""back_upper"",""ok"":true,""cal"":true,""heading"":-0.53,""pitch"":-25.52,""roll"":-20.14},{""body"":""back_lower"",""ok"":true,""cal"":true,""heading"":3.2,""pitch"":24.33,""roll"":26.33},{""body"":""left_arm"",""ok"":true,""cal"":true,""heading"":23.43,""pitch"":-12.84,""roll"":18.84},{""body"":""right_arm"",""ok"":true,""cal"":true,""heading"":-30.65,""pitch"":36.12,""roll"":52.42},{""body"":""left_forearm"",""ok"":true,""cal"":true,""heading"":17.2,""pitch"":10.07,""roll"":10.27},{""body"":""right_forearm"",""ok"":true,""cal"":true,""heading"":19.51,""pitch"":-1.3,""roll"":49.23},{""body"":""left_hand"",""ok"":true,""cal"":true,""heading"":13.54,""pitch"":-10.18,""roll"":-32.95},{""body"":""right_hand"",""ok"":true,""cal"":true,""heading"":-28.1,""pitch"":6.14,""roll"":-9.71}]}"
2026-08-28 16:08:52.489,1787904532.489,494781,,"{""seq"":9797,""timestamp"":494781,""system"":"""",""imu_data"":[{""body"":""back_upper"",""ok"":true,""cal"":true,""heading"":-0.43,""pitch"":-24.87,""roll"":-18.93},{""body"":""back_lower"",""ok"":true,""cal"":true,""heading"":2.98,""pitch"":24.12,""roll"":25.73},{""body"":""left_arm"",""ok"":true,""cal"":true,""heading"":17.14,""pitch"":-18.8,""roll"":25.74},{""body"":""right_arm"",""ok"":true,""cal"":true,""heading"":-24.19,""pitch"":35.82,""roll"":62.14},{""body"":""left_forearm"",""ok"":true,""cal"":true,""heading"":5.51,""pitch"":15.04,""roll"":10.11},{""body"":""right_forearm"",""ok"":true,""cal"":true,""heading"":31.81,""pitch"":-7.53,""roll"":45.17},{""body"":""left_hand"",""ok"":true,""cal"":true,""heading"":9.36,""pitch"":-9.3,""roll"":0.72},{""body"":""right_hand"",""ok"":true,""cal"":true,""heading"":-32.74,""pitch"":5.66,""roll"":29.52}]}"
2026-08-28 16:08:52.651,1787904532.651,494943,,"{""seq"":9800,""timestamp"":494943,""system"":"""",""imu_data"":[{""body"":""back_upper"",""ok"":true,""cal"":true,""heading"":-0.37,""pitch"":-24.89,""roll"":-18.61},{""body"":""back_lower"",""ok"":true,""cal"":true,""heading"":2.82,""pitch"":24.05,""roll"":25.44},{""body"":""left_arm"",""ok"":true,""cal"":true,""heading"":15.7,""pitch"":-20.71,""roll"":26.34},{""body"":""right_arm"",""ok"":true,""cal"":true,""heading"":-22.13,""pitch"":36.18,""roll"":64.54},{""body"":""left_forearm"",""ok"":true,""cal"":true,""heading"":4.04,""pitch"":15.37,""roll"":10.68},{""body"":""right_forearm"",""ok"":true,""cal"":true,""heading"":33.79,""pitch"":-7.42,""roll"":43.64},{""body"":""left_hand"",""ok"":true,""cal"":true,""heading"":7.09,""pitch"":-11.03,""roll"":15.69},{""body"":""right_hand"",""ok"":true,""cal"":true,""heading"":-31.29,""pitch"":8.72,""roll"":49.93}]}"
2026-08-28 16:08:52.804,1787904532.804,495096,,"{""seq"":9803,""timestamp"":495096,""system"":"""",""imu_data"":[{""body"":""back_upper"",""ok"":true,""cal"":true,""heading"":0.09,""pitch"":-25.28,""roll"":-19.22},{""body"":""back_lower"",""ok"":true,""cal"":true,""heading"":2.62,""pitch"":24.15,""roll"":24.98},{""body"":""left_arm"",""ok"":true,""cal"":true,""heading"":19.55,""pitch"":-20.65,""roll"":22.55},{""body"":""right_arm"",""ok"":true,""cal"":true,""heading"":-24.36,""pitch"":37.46,""roll"":60.16},{""body"":""left_forearm"",""ok"":true,""cal"":true,""heading"":9.61,""pitch"":11.65,""roll"":12.16},{""body"":""right_forearm"",""ok"":true,""cal"":true,""heading"":29.04,""pitch"":-3.66,""roll"":44.88},{""body"":""left_hand"",""ok"":true,""cal"":true,""heading"":8.72,""pitch"":-15.2,""roll"":11.36},{""body"":""right_hand"",""ok"":true,""cal"":true,""heading"":-32.1,""pitch"":8.16,""roll"":48.75}]}"
2026-08-28 16:08:52.955,1787904532.955,495247,,"{""seq"":9806,""timestamp"":495247,""system"":"""",""imu_data"":[{""body"":""back_upper"",""ok"":true,""cal"":true,""heading"":0.56,""pitch"":-25.44,""roll"":-20.19},{""body"":""back_lower"",""ok"":true,""cal"":true,""heading"":2.52,""pitch"":24.1,""roll"":24.75},{""body"":""left_arm"",""ok"":true,""cal"":true,""heading"":26.31,""pitch"":-18.87,""roll"":16.54},{""body"":""right_arm"",""ok"":true,""cal"":true,""heading"":-28.58,""pitch"":38.19,""roll"":52.53},{""body"":""left_forearm"",""ok"":true,""cal"":true,""heading"":18.23,""pitch"":6.49,""roll"":12.16},{""body"":""right_forearm"",""ok"":true,""cal"":true,""heading"":21.07,""pitch"":1.7,""roll"":45.62},{""body"":""left_hand"",""ok"":true,""cal"":true,""heading"":13.76,""pitch"":-19.39,""roll"":-3.46},{""body"":""right_hand"",""ok"":true,""cal"":true,""heading"":-32.34,""pitch"":6.17,""roll"":37.43}]}"
2026-08-28 16:08:53.115,1787904533.115,495407,,"{""seq"":9809,""timestamp"":495407,""system"":"""",""imu_data"":[{""body"":""back_upper"",""ok"":true,""cal"":true,""heading"":1.12,""pitch"":-25.11,""roll"":-20.95},{""body"":""back_lower"",""ok"":true,""cal"":true,""heading"":2.46,""pitch"":23.91,""roll"":24.54},{""body"":""left_arm"",""ok"":true,""cal"":true,""heading"":34.28,""pitch"":-15.68,""roll"":9.59},{""body"":""right_arm"",""ok"":true,""cal"":true,""heading"":-32.0,""pitch"":38.84,""roll"":44.61},{""body"":""left_forearm"",""ok"":true,""cal"":true,""heading"":27.7,""pitch"":-0.32,""roll"":9.84},{""body"":""right_forearm"",""ok"":true,""cal"":true,""heading"":10.25,""pitch"":8.07,""roll"":43.73},{""body"":""left_hand"",""ok"":true,""cal"":true,""heading"":21.02,""pitch"":-26.14,""roll"":-21.64},{""body"":""right_hand"",""ok"":true,""cal"":true,""heading"":-31.76,""pitch"":4.52,""roll"":22.18}]}"
2026-08-28 16:08:53.275,1787904533.275,495567,,"{""seq"":9812,""timestamp"":495567,""system"":"""",""imu_data"":[{""body"":""back_upper"",""ok"":true,""cal"":true,""heading"":1.65,""pitch"":-24.69,""roll"":-21.73},{""body"":""back_lower"",""ok"":true,""cal"":true,""heading"":2.35,""pitch"":23.44,""roll"":24.29},{""body"":""left_arm"",""ok"":true,""cal"":true,""heading"":39.88,""pitch"":-6.89,""roll"":4.63},{""body"":""right_arm"",""ok"":true,""cal"":true,""heading"":-36.84,""pitch"":32.43,""roll"":36.73},{""body"":""left_forearm"",""ok"":true,""cal"":true,""heading"":36.84,""pitch"":-4.48,""roll"":1.95},{""body"":""right_forearm"",""ok"":true,""cal"":true,""heading"":-3.81,""pitch"":5.45,""roll"":38.27},{""body"":""left_hand"",""ok"":true,""cal"":true,""heading"":28.87,""pitch"":-29.92,""roll"":-45.79},{""body"":""right_hand"",""ok"":true,""cal"":true,""heading"":-27.4,""pitch"":4.63,""roll"":1.41}]}"
2026-08-28 16:08:53.487,1787904533.487,495779,,"{""seq"":9816,""timestamp"":495779,""system"":"""",""imu_data"":[{""body"":""back_upper"",""ok"":true,""cal"":true,""heading"":2.3,""pitch"":-24.53,""roll"":-21.52},{""body"":""back_lower"",""ok"":true,""cal"":true,""heading"":2.34,""pitch"":23.09,""roll"":23.72},{""body"":""left_arm"",""ok"":true,""cal"":true,""heading"":40.13,""pitch"":14.25,""roll"":0.4},{""body"":""right_arm"",""ok"":true,""cal"":true,""heading"":-41.08,""pitch"":23.13,""roll"":27.99},{""body"":""left_forearm"",""ok"":true,""cal"":true,""heading"":48.51,""pitch"":-3.28,""roll"":-18.68},{""body"":""right_forearm"",""ok"":true,""cal"":true,""heading"":-19.35,""pitch"":1.1,""roll"":28.09},{""body"":""left_hand"",""ok"":true,""cal"":true,""heading"":30.18,""pitch"":-26.05,""roll"":-76.35},{""body"":""right_hand"",""ok"":true,""cal"":true,""heading"":-21.34,""pitch"":12.33,""roll"":-27.84}]}"
2026-08-28 16:08:53.648,1787904533.648,495940,,"{""seq"":9819,""timestamp"":495940,""system"":"""",""imu_data"":[{""body"":""back_upper"",""ok"":true,""cal"":true,""heading"":2.48,""pitch"":-23.99,""roll"":-21.68},{""body"":""back_lower"",""ok"":true,""cal"":true,""heading"":2.13,""pitch"":22.63,""roll"":23.28},{""body"":""left_arm"",""ok"":true,""cal"":true,""heading"":40.04,""pitch"":22.42,""roll"":-1.65},{""body"":""right_arm"",""ok"":true,""cal"":true,""heading"":-42.9,""pitch"":18.24,""roll"":23.33},{""body"":""left_forearm"",""ok"":true,""cal"":true,""heading"":53.07,""pitch"":-6.3,""roll"":-30.4},{""body"":""right_forearm"",""ok"":true,""cal"":true,""heading"":-27.1,""pitch"":-2.36,""roll"":18.49},{""body"":""left_hand"",""ok"":true,""cal"":true,""heading"":32.24,""pitch"":-26.84,""roll"":-103.01},{""body"":""right_hand"",""ok"":true,""cal"":true,""heading"":-18.98,""pitch"":20.17,""roll"":-47.49}]}"
2026-08-28 16:08:53.808,1787904533.808,496100,,"{""seq"":9822,""timestamp"":496100,""system"":"""",""imu_data"":[{""body"":""back_upper"",""ok"":true,""cal"":true,""heading"":2.71,""pitch"":-23.55,""roll"":-21.85},{""body"":""back_lower"",""ok"":true,""cal"":true,""heading"":2.0,""pitch"":22.26,""roll"":23.03},{""body"":""left_arm"",""ok"":true,""cal"":true,""heading"":39.27,""pitch"":24.79,""roll"":-4.31},{""body"":""right_arm"",""ok"":true,""cal"":true,""heading"":-42.99,""pitch"":16.02,""roll"":20.71},{""body"":""left_forearm"",""ok"":true,""cal"":true,""heading"":54.72,""pitch"":-11.64,""roll"":-39.74},{""body"":""right_forearm"",""ok"":true,""cal"":true,""heading"":-30.47,""pitch"":-6.18,""roll"":11.02},{""body"":""left_hand"",""ok"":true,""cal"":true,""heading"":37.53,""pitch"":-30.93,""roll"":-128.39},{""body"":""right_hand"",""ok"":true,""cal"":true,""heading"":-13.44,""pitch"":23.3,""roll"":-64.88}]}"
2026-08-28 16:08:53.959,1787904533.959,496251,,"{""seq"":9825,""timestamp"":496251,""system"":"""",""imu_data"":[{""body"":""back_upper"",""ok"":true,""cal"":true,""heading"":2.78,""pitch"":-23.71,""roll"":-21.95},{""body"":""back_lower"",""ok"":true,""cal"":true,""heading"":2.03,""pitch"":22.25,""roll"":22.97},{""body"":""left_arm"",""ok"":true,""cal"":true,""heading"":39.0,""pitch"":24.2,""roll"":-6.0},{""body"":""right_arm"",""ok"":true,""cal"":true,""heading"":-42.68,""pitch"":16.02,""roll"":20.32},{""body"":""left_forearm"",""ok"":true,""cal"":true,""heading"":55.63,""pitch"":-16.2,""roll"":-44.16},{""body"":""right_forearm"",""ok"":true,""cal"":true,""heading"":-30.44,""pitch"":-8.64,""roll"":5.17},{""body"":""left_hand"",""ok"":true,""cal"":true,""heading"":46.59,""pitch"":-30.83,""roll"":-148.17},{""body"":""right_hand"",""ok"":true,""cal"":true,""heading"":-10.02,""pitch"":30.42,""roll"":-74.78}]}"
2026-08-28 16:08:54.118,1787904534.118,496410,,"{""seq"":9828,""timestamp"":496410,""system"":"""",""imu_data"":[{""body"":""back_upper"",""ok"":true,""cal"":true,""heading"":2.75,""pitch"":-24.08,""roll"":-21.79},{""body"":""back_lower"",""ok"":true,""cal"":true,""heading"":1.96,""pitch"":22.45,""roll"":22.78},{""body"":""left_arm"",""ok"":true,""cal"":true,""heading"":38.7,""pitch"":24.45,""roll"":-5.79},{""body"":""right_arm"",""ok"":true,""cal"":true,""heading"":-42.59,""pitch"":15.97,""roll"":20.55},{""body"":""left_forearm"",""ok"":true,""cal"":true,""heading"":54.65,""pitch"":-14.48,""roll"":-40.96},{""body"":""right_forearm"",""ok"":true,""cal"":true,""heading"":-29.9,""pitch"":-8.73,""roll"":7.02},{""body"":""left_hand"",""ok"":true,""cal"":true,""heading"":44.74,""pitch"":-26.91,""roll"":-148.91},{""body"":""right_hand"",""ok"":true,""cal"":true,""heading"":-11.96,""pitch"":32.92,""roll"":-76.95}]}"
2026-08-28 16:08:54.283,1787904534.283,496575,,"{""seq"":9831,""timestamp"":496575,""system"":"""",""imu_data"":[{""body"":""back_upper"",""ok"":true,""cal"":true,""heading"":2.55,""pitch"":-24.11,""roll"":-21.48},{""body"":""back_lower"",""ok"":true,""cal"":true,""heading"":1.95,""pitch"":22.5,""roll"":22.45},{""body"":""left_arm"",""ok"":true,""cal"":true,""heading"":38.37,""pitch"":23.79,""roll"":-2.91},{""body"":""right_arm"",""ok"":true,""cal"":true,""heading"":-42.9,""pitch"":14.68,""roll"":22.76},{""body"":""left_forearm"",""ok"":true,""cal"":true,""heading"":51.56,""pitch"":-8.29,""roll"":-30.78},{""body"":""right_forearm"",""ok"":true,""cal"":true,""heading"":-27.22,""pitch"":-6.85,""roll"":18.07},{""body"":""left_hand"",""ok"":true,""cal"":true,""heading"":36.35,""pitch"":-20.62,""roll"":-131.42},{""body"":""right_hand"",""ok"":true,""cal"":true,""heading"":-13.64,""pitch"":23.7,""roll"":-68.37}]}"
2026-08-28 16:08:54.449,1787904534.449,496741,,"{""seq"":9834,""timestamp"":496741,""system"":"""",""imu_data"":[{""body"":""back_upper"",""ok"":true,""cal"":true,""heading"":2.11,""pitch"":-24.17,""roll"":-20.89},{""body"":""back_lower"",""ok"":true,""cal"":true,""heading"":1.88,""pitch"":22.44,""roll"":22.36},{""body"":""left_arm"",""ok"":true,""cal"":true,""heading"":36.92,""pitch"":17.6,""roll"":4.49},{""body"":""right_arm"",""ok"":true,""cal"":true,""heading"":-41.56,""pitch"":18.46,""roll"":31.8},{""body"":""left_forearm"",""ok"":true,""cal"":true,""heading"":44.95,""pitch"":2.76,""roll"":-16.19},{""body"":""right_forearm"",""ok"":true,""cal"":true,""heading"":-16.45,""pitch"":-4.07,""roll"":33.79},{""body"":""left_hand"",""ok"":true,""cal"":true,""heading"":25.62,""pitch"":-11.88,""roll"":-98.58},{""body"":""right_hand"",""ok"":true,""cal"":true,""heading"":-17.93,""pitch"":12.77,""roll"":-43.78}]}"
2026-08-28 16:08:54.609,1787904534.609,496901,,"{""seq"":9837,""timestamp"":496901,""system"":"""",""imu_data"":[{""body"":""back_upper"",""ok"":true,""cal"":true,""heading"":1.4,""pitch"":-24.01,""roll"":-19.87},{""body"":""back_lower"",""ok"":true,""cal"":true,""heading"":1.97,""pitch"":22.53,""roll"":22.58},{""body"":""left_arm"",""ok"":true,""cal"":true,""heading"":33.21,""pitch"":5.95,""roll"":12.98},{""body"":""right_arm"",""ok"":true,""cal"":true,""heading"":-37.58,""pitch"":24.99,""roll"":42.68},{""body"":""left_forearm"",""ok"":true,""cal"":true,""heading"":37.13,""pitch"":10.14,""roll"":-0.82},{""body"":""right_forearm"",""ok"":true,""cal"":true,""heading"":1.08,""pitch"":-4.99,""roll"":43.49},{""body"":""left_hand"",""ok"":true,""cal"":true,""heading"":29.06,""pitch"":-9.69,""roll"":-76.93},{""body"":""right_hand"",""ok"":true,""cal"":true,""heading"":-24.55,""pitch"":-7.77,""roll"":-24.22}]}"
2026-08-28 16:08:54.810,1787904534.81,497102,,"{""seq"":9841,""timestamp"":497102,""system"":"""",""imu_data"":[{""body"":""back_upper"",""ok"":true,""cal"":true,""heading"":0.48,""pitch"":-23.5,""roll"":-18.64},{""body"":""back_lower"",""ok"":true,""cal"":true,""heading"":1.98,""pitch"":22.6,""roll"":22.34},{""body"":""left_arm"",""ok"":true,""cal"":true,""heading"":24.4,""pitch"":-9.36,""roll"":21.48},{""body"":""right_arm"",""ok"":true,""cal"":true,""heading"":-28.25,""pitch"":31.24,""roll"":55.74},{""body"":""left_forearm"",""ok"":true,""cal"":true,""heading"":22.26,""pitch"":15.41,""roll"":12.48},{""body"":""right_forearm"",""ok"":true,""cal"":true,""heading"":20.3,""pitch"":-7.46,""roll"":48.38},{""body"":""left_hand"",""ok"":true,""cal"":true,""heading"":26.58,""pitch"":-3.33,""roll"":-50.0},{""body"":""right_hand"",""ok"":true,""cal"":true,""heading"":-34.84,""pitch"":-3.98,""roll"":-6.54}]}"
2026-08-28 16:08:55.012,1787904535.012,497304,,"{""seq"":9845,""timestamp"":497304,""system"":"""",""imu_data"":[{""body"":""back_upper"",""ok"":true,""cal"":true,""heading"":0.03,""pitch"":-23.02,""roll"":-17.6},{""body"":""back_lower"",""ok"":true,""cal"":true,""heading"":1.95,""pitch"":22.78,""roll"":22.21},{""body"":""left_arm"",""ok"":true,""cal"":true,""heading"":16.93,""pitch"":-19.55,""roll"":26.91},{""body"":""right_arm"",""ok"":true,""cal"":true,""heading"":-23.53,""pitch"":32.4,""roll"":61.82},{""body"":""left_forearm"",""ok"":true,""cal"":true,""heading"":6.55,""pitch"":17.24,""roll"":14.13},{""body"":""right_forearm"",""ok"":true,""cal"":true,""heading"":29.53,""pitch"":-9.7,""roll"":45.15},{""body"":""left_hand"",""ok"":true,""cal"":true,""heading"":24.18,""pitch"":-7.9,""roll"":-21.84},{""body"":""right_hand"",""ok"":true,""cal"":true,""heading"":-41.08,""pitch"":-3.44,""roll"":20.13}]}"
2026-08-28 16:08:55.163,1787904535.163,497455,,"{""seq"":9848,""timestamp"":497455,""system"":"""",""imu_data"":[{""body"":""back_upper"",""ok"":true,""cal"":true,""heading"":0.05,""pitch"":-22.92,""roll"":-17.76},{""body"":""back_lower"",""ok"":true,""cal"":true,""heading"":1.84,""pitch"":22.68,""roll"":22.1},{""body"":""left_arm"",""ok"":true,""cal"":true,""heading"":16.36,""pitch"":-21.54,""roll"":26.94},{""body"":""right_arm"",""ok"":true,""cal"":true,""heading"":-22.86,""pitch"":33.24,""roll"":61.89},{""body"":""left_forearm"",""ok"":true,""cal"":true,""heading"":6.89,""pitch"":16.93,""roll"":14.16},{""body"":""right_forearm"",""ok"":true,""cal"":true,""heading"":29.29,""pitch"":-8.44,""roll"":46.16},{""body"":""left_hand"",""ok"":true,""cal"":true,""heading"":19.79,""pitch"":-9.7,""roll"":-2.66},{""body"":""right_hand"",""ok"":true,""cal"":true,""heading"":-42.52,""pitch"":-1.81,""roll"":39.51}]}"
2026-08-28 16:08:55.309,1787904535.309,497601,,"{""seq"":9851,""timestamp"":497601,""system"":"""",""imu_data"":[{""body"":""back_upper"",""ok"":true,""cal"":true,""heading"":0.36,""pitch"":-23.21,""roll"":-18.31},{""body"":""back_lower"",""ok"":true,""cal"":true,""heading"":1.82,""pitch"":22.61,""roll"":22.17},{""body"":""left_arm"",""ok"":true,""cal"":true,""heading"":18.62,""pitch"":-22.14,""roll"":25.1},{""body"":""right_arm"",""ok"":true,""cal"":true,""heading"":-23.63,""pitch"":34.63,""roll"":60.34},{""body"":""left_forearm"",""ok"":true,""cal"":true,""heading"":11.2,""pitch"":15.95,""roll"":15.45},{""body"":""right_forearm"",""ok"":true,""cal"":true,""heading"":26.57,""pitch"":-6.29,""roll"":47.62},{""body"":""left_hand"",""ok"":true,""cal"":true,""heading"":15.61,""pitch"":-8.29,""roll"":10.93},{""body"":""right_hand"",""ok"":true,""cal"":true,""heading"":-42.35,""pitch"":-2.98,""roll"":45.65}]}"
2026-08-28 16:08:55.469,1787904535.469,497761,,"{""seq"":9854,""timestamp"":497761,""system"":"""",""imu_data"":[{""body"":""back_upper"",""ok"":true,""cal"":true,""heading"":0.85,""pitch"":-23.71,""roll"":-19.19},{""body"":""back_lower"",""ok"":true,""cal"":true,""heading"":1.88,""pitch"":22.53,""roll"":22.22},{""body"":""left_arm"",""ok"":true,""cal"":true,""heading"":22.62,""pitch"":-21.89,""roll"":21.26},{""body"":""right_arm"",""ok"":true,""cal"":true,""heading"":-24.98,""pitch"":37.22,""roll"":55.61},{""body"":""left_forearm"",""ok"":true,""cal"":true,""heading"":15.89,""pitch"":11.93,""roll"":15.56},{""body"":""right_forearm"",""ok"":true,""cal"":true,""heading"":22.45,""pitch"":-0.95,""roll"":48.37},{""body"":""left_hand"",""ok"":true,""cal"":true,""heading"":16.18,""pitch"":-13.91,""roll"":5.72},{""body"":""right_hand"",""ok"":true,""cal"":true,""heading"":-40.01,""pitch"":-1.41,""roll"":39.52}]}"
2026-08-28 16:08:55.669,1787904535.669,497961,,"{""seq"":9858,""timestamp"":497961,""system"":"""",""imu_data"":[{""body"":""back_upper"",""ok"":true,""cal"":true,""heading"":1.32,""pitch"":-23.28,""roll"":-20.08},{""body"":""back_lower"",""ok"":true,""cal"":true,""heading"":1.76,""pitch"":22.35,""roll"":22.12},{""body"":""left_arm"",""ok"":true,""cal"":true,""heading"":31.01,""pitch"":-16.83,""roll"":13.62},{""body"":""right_arm"",""ok"":true,""cal"":true,""heading"":-29.35,""pitch"":37.58,""roll"":45.83},{""body"":""left_forearm"",""ok"":true,""cal"":true,""heading"":26.8,""pitch"":4.62,""roll"":10.92},{""body"":""right_forearm"",""ok"":true,""cal"":true,""heading"":8.88,""pitch"":6.36,""roll"":45.87},{""body"":""left_hand"",""ok"":true,""cal"":true,""heading"":22.06,""pitch"":-24.63,""roll"":-17.45},{""body"":""right_hand"",""ok"":true,""cal"":true,""heading"":-34.41,""pitch"":0.86,""roll"":17.48}]}"
2026-08-28 16:08:55.827,1787904535.827,498119,,"{""seq"":9861,""timestamp"":498119,""system"":"""",""imu_data"":[{""body"":""back_upper"",""ok"":true,""cal"":true,""heading"":1.58,""pitch"":-22.7,""roll"":-20.64},{""body"":""back_lower"",""ok"":true,""cal"":true,""heading"":1.67,""pitch"":22.13,""roll"":22.05},{""body"":""left_arm"",""ok"":true,""cal"":true,""heading"":36.34,""pitch"":-6.68,""roll"":8.1},{""body"":""right_arm"",""ok"":true,""cal"":true,""heading"":-34.5,""pitch"":28.3,""roll"":38.11},{""body"":""left_forearm"",""ok"":true,""cal"":true,""heading"":34.89,""pitch"":-0.41,""roll"":1.67},{""body"":""right_forearm"",""ok"":true,""cal"":true,""heading"":-9.6,""pitch"":1.01,""roll"":39.89},{""body"":""left_hand"",""ok"":true,""cal"":true,""heading"":31.44,""pitch"":-34.3,""roll"":-44.24},{""body"":""right_hand"",""ok"":true,""cal"":true,""heading"":-26.85,""pitch"":0.29,""roll"":-3.54}]}"
2026-08-28 16:08:55.989,1787904535.989,498281,,"{""seq"":9864,""timestamp"":498281,""system"":"""",""imu_data"":[{""body"":""back_upper"",""ok"":true,""cal"":true,""heading"":1.89,""pitch"":-22.95,""roll"":-20.89},{""body"":""back_lower"",""ok"":true,""cal"":true,""heading"":1.72,""pitch"":22.22,""roll"":21.89},{""body"":""left_arm"",""ok"":true,""cal"":true,""heading"":37.02,""pitch"":9.57,""roll"":5.63},{""body"":""right_arm"",""ok"":true,""cal"":true,""heading"":-38.62,""pitch"":18.24,""roll"":31.56},{""body"":""left_forearm"",""ok"":true,""cal"":true,""heading"":43.1,""pitch"":0.35,""roll"":-12.34},{""body"":""right_forearm"",""ok"":true,""cal"":true,""heading"":-20.77,""pitch"":-4.28,""roll"":31.26},{""body"":""left_hand"",""ok"":true,""cal"":true,""heading"":36.49,""pitch"":-30.53,""roll"":-77.26},{""body"":""right_hand"",""ok"":true,""cal"":true,""heading"":-18.6,""pitch"":4.34,""roll"":-26.1}]}"
2026-08-28 16:08:56.147,1787904536.147,498439,,"{""seq"":9867,""timestamp"":498439,""system"":"""",""imu_data"":[{""body"":""back_upper"",""ok"":true,""cal"":true,""heading"":1.87,""pitch"":-22.81,""roll"":-20.52},{""body"":""back_lower"",""ok"":true,""cal"":true,""heading"":1.86,""pitch"":22.0,""roll"":21.63},{""body"":""left_arm"",""ok"":true,""cal"":true,""heading"":36.7,""pitch"":16.27,""roll"":4.65},{""body"":""right_arm"",""ok"":true,""cal"":true,""heading"":-41.08,""pitch"":15.24,""roll"":29.11},{""body"":""left_forearm"",""ok"":true,""cal"":true,""heading"":45.45,""pitch"":-2.46,""roll"":-21.34},{""body"":""right_forearm"",""ok"":true,""cal"":true,""heading"":-23.53,""pitch"":-6.98,""roll"":23.95},{""body"":""left_hand"",""ok"":true,""cal"":true,""heading"":41.25,""pitch"":-27.27,""roll"":-109.24},{""body"":""right_hand"",""ok"":true,""cal"":true,""heading"":-13.78,""pitch"":15.33,""roll"":-46.2}]}"
2026-08-28 16:08:56.308,1787904536.308,498600,,"{""seq"":9870,""timestamp"":498600,""system"":"""",""imu_data"":[{""body"":""back_upper"",""ok"":true,""cal"":true,""heading"":1.94,""pitch"":-22.9,""roll"":-20.33},{""body"":""back_lower"",""ok"":true,""cal"":true,""heading"":1.88,""pitch"":21.95,""roll"":21.54},{""body"":""left_arm"",""ok"":true,""cal"":true,""heading"":36.43,""pitch"":19.31,""roll"":4.08},{""body"":""right_arm"",""ok"":true,""cal"":true,""heading"":-41.67,""pitch"":13.79,""roll"":28.49},{""body"":""left_forearm"",""ok"":true,""cal"":true,""heading"":47.22,""pitch"":-6.63,""roll"":-27.85},{""body"":""right_forearm"",""ok"":true,""cal"":true,""heading"":-25.61,""pitch"":-9.33,""roll"":17.93},{""body"":""left_hand"",""ok"":true,""cal"":true,""heading"":47.77,""pitch"":-26.38,""roll"":-134.83},{""body"":""right_hand"",""ok"":true,""cal"":true,""heading"":-15.24,""pitch"":31.82,""roll"":-64.33}]}"
2026-08-28 16:08:56.458,1787904536.458,498750,,"{""seq"":9873,""timestamp"":498750,""system"":"""",""imu_data"":[{""body"":""back_upper"",""ok"":true,""cal"":true,""heading"":1.99,""pitch"":-23.08,""roll"":-20.4},{""body"":""back_lower"",""ok"":true,""cal"":true,""heading"":1.93,""pitch"":22.1,""roll"":21.54},{""body"":""left_arm"",""ok"":true,""cal"":true,""heading"":36.63,""pitch"":19.61,""roll"":2.74},{""body"":""right_arm"",""ok"":true,""cal"":true,""heading"":-41.66,""pitch"":14.04,""roll"":27.73},{""body"":""left_forearm"",""ok"":true,""cal"":true,""heading"":48.1,""pitch"":-9.52,""roll"":-29.78},{""body"":""right_forearm"",""ok"":true,""cal"":true,""heading"":-25.35,""pitch"":-9.98,""roll"":15.63},{""body"":""left_hand"",""ok"":true,""cal"":true,""heading"":52.24,""pitch"":-25.12,""roll"":-148.16},{""body"":""right_hand"",""ok"":true,""cal"":true,""heading"":-17.6,""pitch"":38.61,""roll"":-75.02}]}"
2026-08-28 16:08:56.636,1787904536.636,498928,,"{""seq"":9876,""timestamp"":498928,""system"":"""",""imu_data"":[{""body"":""back_upper"",""ok"":true,""cal"":true,""heading"":2.04,""pitch"":-23.4,""roll"":-20.28},{""body"":""back_lower"",""ok"":true,""cal"":true,""heading"":2.0,""pitch"":22.16,""roll"":21.53},{""body"":""left_arm"",""ok"":true,""cal"":true,""heading"":36.86,""pitch"":20.03,""roll"":2.48},{""body"":""right_arm"",""ok"":true,""cal"":true,""heading"":-41.67,""pitch"":14.26,""roll"":27.51},{""body"":""left_forearm"",""ok"":true,""cal"":true,""heading"":48.19,""pitch"":-7.39,""roll"":-26.7},{""body"":""right_forearm"",""ok"":true,""cal"":true,""heading"":-24.8,""pitch"":-9.38,""roll"":18.63},{""body"":""left_hand"",""ok"":true,""cal"":true,""heading"":51.79,""pitch"":-22.93,""roll"":-143.73},{""body"":""right_hand"",""ok"":true,""cal"":true,""heading"":-17.23,""pitch"":35.58,""roll"":-69.56}]}"
2026-08-28 16:08:56.789,1787904536.789,499081,,"{""seq"":9879,""timestamp"":499081,""system"":"""",""imu_data"":[{""body"":""back_upper"",""ok"":true,""cal"":true,""heading"":2.04,""pitch"":-23.39,""roll"":-20.08},{""body"":""back_lower"",""ok"":true,""cal"":true,""heading"":2.04,""pitch"":22.14,""roll"":21.46},{""body"":""left_arm"",""ok"":true,""cal"":true,""heading"":37.36,""pitch"":19.08,""roll"":3.36},{""body"":""right_arm"",""ok"":true,""cal"":true,""heading"":-41.75,""pitch"":14.59,""roll"":29.22},{""body"":""left_forearm"",""ok"":true,""cal"":true,""heading"":46.37,""pitch"":-0.73,""roll"":-20.94},{""body"":""right_forearm"",""ok"":true,""cal"":true,""heading"":-22.67,""pitch"":-7.91,""roll"":26.26},{""body"":""left_hand"",""ok"":true,""cal"":true,""heading"":35.22,""pitch"":-23.49,""roll"":-118.19},{""body"":""right_hand"",""ok"":true,""cal"":true,""heading"":-16.46,""pitch"":25.55,""roll"":-56.54}]}"
2026-08-28 16:08:56.940,1787904536.94,499232,,"{""seq"":9882,""timestamp"":499232,""system"":"""",""imu_data"":[{""body"":""back_upper"",""ok"":true,""cal"":true,""heading"":1.87,""pitch"":-23.46,""roll"":-19.82},{""body"":""back_lower"",""ok"":true,""cal"":true,""heading"":2.08,""pitch"":22.22,""roll"":21.56},{""body"":""left_arm"",""ok"":true,""cal"":true,""heading"":36.35,""pitch"":14.96,""roll"":6.9},{""body"":""right_arm"",""ok"":true,""cal"":true,""heading"":-40.91,""pitch"":16.92,""roll"":34.09},{""body"":""left_forearm"",""ok"":true,""cal"":true,""heading"":43.8,""pitch"":6.34,""roll"":-12.42},{""body"":""right_forearm"",""ok"":true,""cal"":true,""heading"":-16.24,""pitch"":-6.65,""roll"":34.45},{""body"":""left_hand"",""ok"":true,""cal"":true,""heading"":24.38,""pitch"":-16.39,""roll"":-97.51},{""body"":""right_hand"",""ok"":true,""cal"":true,""heading"":-17.93,""pitch"":15.57,""roll"":-41.4}]}"
2026-08-28 16:08:57.099,1787904537.099,499391,,"{""seq"":9885,""timestamp"":499391,""system"":"""",""imu_data"":[{""body"":""back_upper"",""ok"":true,""cal"":true,""heading"":1.59,""pitch"":-23.49,""roll"":-19.75},{""body"":""back_lower"",""ok"":true,""cal"":true,""heading"":2.09,""pitch"":22.22,""roll"":21.7},{""body"":""left_arm"",""ok"":true,""cal"":true,""heading"":33.92,""pitch"":7.05,""roll"":10.98},{""body"":""right_arm"",""ok"":true,""cal"":true,""heading"":-38.01,""pitch"":21.42,""roll"":40.4},{""body"":""left_forearm"",""ok"":true,""cal"":true,""heading"":39.12,""pitch"":10.73,""roll"":-3.15},{""body"":""right_forearm"",""ok"":true,""cal"":true,""heading"":-6.98,""pitch"":-4.93,""roll"":41.35},{""body"":""left_hand"",""ok"":true,""cal"":true,""heading"":12.55,""pitch"":-6.74,""roll"":-77.45},{""body"":""right_hand"",""ok"":true,""cal"":true,""heading"":-21.56,""pitch"":15.24,""roll"":-30.06}]}"
2026-08-28 16:08:57.252,1787904537.252,499544,,"{""seq"":9888,""timestamp"":499544,""system"":"""",""imu_data"":[{""body"":""back_upper"",""ok"":true,""cal"":true,""heading"":1.05,""pitch"":-23.35,""roll"":-19.31},{""body"":""back_lower"",""ok"":true,""cal"":true,""heading"":2.14,""pitch"":22.34,""roll"":21.79},{""body"":""left_arm"",""ok"":true,""cal"":true,""heading"":29.67,""pitch"":-2.1,""roll"":15.87},{""body"":""right_arm"",""ok"":true,""cal"":true,""heading"":-32.77,""pitch"":27.29,""roll"":47.83},{""body"":""left_forearm"",""ok"":true,""cal"":true,""heading"":32.96,""pitch"":13.88,""roll"":5.86},{""body"":""right_forearm"",""ok"":true,""cal"":true,""heading"":5.38,""pitch"":-3.97,""roll"":45.94},{""body"":""left_hand"",""ok"":true,""cal"":true,""heading"":14.58,""pitch"":-2.04,""roll"":-59.13},{""body"":""right_hand"",""ok"":true,""cal"":true,""heading"":-24.93,""pitch"":10.5,""roll"":-19.59}]}"
2026-08-28 16:08:57.402,1787904537.402,499694,,"{""seq"":9891,""timestamp"":499694,""system"":"""",""imu_data"":[{""body"":""back_upper"",""ok"":true,""cal"":true,""heading"":0.71,""pitch"":-22.98,""roll"":-18.99},{""body"":""back_lower"",""ok"":true,""cal"":true,""heading"":2.1,""pitch"":22.37,""roll"":21.74},{""body"":""left_arm"",""ok"":true,""cal"":true,""heading"":25.69,""pitch"":-9.53,""roll"":18.99},{""body"":""right_arm"",""ok"":true,""cal"":true,""heading"":-29.57,""pitch"":29.16,""roll"":51.79},{""body"":""left_forearm"",""ok"":true,""cal"":true,""heading"":25.94,""pitch"":15.21,""roll"":11.04},{""body"":""right_forearm"",""ok"":true,""cal"":true,""heading"":13.52,""pitch"":-5.24,""roll"":46.56},{""body"":""left_hand"",""ok"":true,""cal"":true,""heading"":15.04,""pitch"":1.74,""roll"":-38.78},{""body"":""right_hand"",""ok"":true,""cal"":true,""heading"":-31.52,""pitch"":-5.35,""roll"":-1.89}]}"
2026-08-28 16:08:57.582,1787904537.582,499874,,"{""seq"":9895,""timestamp"":499874,""system"":"""",""imu_data"":[{""body"":""back_upper"",""ok"":true,""cal"":true,""heading"":0.48,""pitch"":-22.64,""roll"":-18.78},{""body"":""back_lower"",""ok"":true,""cal"":true,""heading"":2.09,""pitch"":22.42,""roll"":21.72},{""body"":""left_arm"",""ok"":true,""cal"":true,""heading"":22.84,""pitch"":-14.81,""roll"":20.77},{""body"":""right_arm"",""ok"":true,""cal"":true,""heading"":-27.28,""pitch"":30.64,""roll"":54.06},{""body"":""left_forearm"",""ok"":true,""cal"":true,""heading"":22.92,""pitch"":15.58,""roll"":13.98},{""body"":""right_forearm"",""ok"":true,""cal"":true,""heading"":18.81,""pitch"":-4.55,""roll"":46.92},{""body"":""left_hand"",""ok"":true,""cal"":true,""heading"":14.61,""pitch"":-1.42,""roll"":-12.0},{""body"":""right_hand"",""ok"":true,""cal"":true,""heading"":-37.89,""pitch"":-5.56,""roll"":24.32}]}"
2026-08-28 16:08:57.762,1787904537.762,500054,,"{""seq"":9899,""timestamp"":500054,""system"":"""",""imu_data"":[{""body"":""back_upper"",""ok"":true,""cal"":true,""heading"":0.44,""pitch"":-22.51,""roll"":-18.67},{""body"":""back_lower"",""ok"":true,""cal"":true,""heading"":2.05,""pitch"":22.32,""roll"":21.71},{""body"":""left_arm"",""ok"":true,""cal"":true,""heading"":21.27,""pitch"":-18.21,""roll"":21.97},{""body"":""right_arm"",""ok"":true,""cal"":true,""heading"":-25.68,""pitch"":32.1,""roll"":56.27},{""body"":""left_forearm"",""ok"":true,""cal"":true,""heading"":20.88,""pitch"":15.65,""roll"":16.13},{""body"":""right_forearm"",""ok"":true,""cal"":true,""heading"":23.14,""pitch"":-4.51,""roll"":46.17},{""body"":""left_hand"",""ok"":true,""cal"":true,""heading"":14.69,""pitch"":-4.51,""roll"":0.92},{""body"":""right_hand"",""ok"":true,""cal"":true,""heading"":-38.13,""pitch"":-1.77,""roll"":39.45}]}"
2026-08-28 16:08:57.913,1787904537.913,500205,,"{""seq"":9902,""timestamp"":500205,""system"":"""",""imu_data"":[{""body"":""back_upper"",""ok"":true,""cal"":true,""heading"":0.44,""pitch"":-22.56,""roll"":-18.61},{""body"":""back_lower"",""ok"":true,""cal"":true,""heading"":2.05,""pitch"":22.32,""roll"":21.7},{""body"":""left_arm"",""ok"":true,""cal"":true,""heading"":20.2,""pitch"":-19.41,""roll"":22.68},{""body"":""right_arm"",""ok"":true,""cal"":true,""heading"":-24.69,""pitch"":32.27,""roll"":57.63},{""body"":""left_forearm"",""ok"":true,""cal"":true,""heading"":19.86,""pitch"":16.02,""roll"":16.78},{""body"":""right_forearm"",""ok"":true,""cal"":true,""heading"":24.65,""pitch"":-5.05,""roll"":45.56},{""body"":""left_hand"",""ok"":true,""cal"":true,""heading"":14.95,""pitch"":-4.82,""roll"":2.24},{""body"":""right_hand"",""ok"":true,""cal"":true,""heading"":-36.48,""pitch"":-0.04,""roll"":42.83}]}"
2026-08-28 16:08:58.054,1787904538.054,500346,,"{""seq"":9905,""timestamp"":500346,""system"":"""",""imu_data"":[{""body"":""back_upper"",""ok"":true,""cal"":true,""heading"":0.53,""pitch"":-22.54,""roll"":-18.67},{""body"":""back_lower"",""ok"":true,""cal"":true,""heading"":2.01,""pitch"":22.23,""roll"":21.7},{""body"":""left_arm"",""ok"":true,""cal"":true,""heading"":20.09,""pitch"":-19.64,""roll"":22.54},{""body"":""right_arm"",""ok"":true,""cal"":true,""heading"":-24.39,""pitch"":32.28,""roll"":57.62},{""body"":""left_forearm"",""ok"":true,""cal"":true,""heading"":19.58,""pitch"":15.8,""roll"":16.61},{""body"":""right_forearm"",""ok"":true,""cal"":true,""heading"":24.42,""pitch"":-4.91,""roll"":45.41},{""body"":""left_hand"",""ok"":true,""cal"":true,""heading"":15.22,""pitch"":-4.85,""roll"":0.98},{""body"":""right_hand"",""ok"":true,""cal"":true,""heading"":-35.98,""pitch"":-0.34,""roll"":41.89}]}"
2026-08-28 16:08:58.214,1787904538.214,500506,,"{""seq"":9908,""timestamp"":500506,""system"":"""",""imu_data"":[{""body"":""back_upper"",""ok"":true,""cal"":true,""heading"":0.52,""pitch"":-22.52,""roll"":-18.74},{""body"":""back_lower"",""ok"":true,""cal"":true,""heading"":1.99,""pitch"":22.18,""roll"":21.75},{""body"":""left_arm"",""ok"":true,""cal"":true,""heading"":20.19,""pitch"":-19.64,""roll"":22.45},{""body"":""right_arm"",""ok"":true,""cal"":true,""heading"":-24.67,""pitch"":32.3,""roll"":57.18},{""body"":""left_forearm"",""ok"":true,""cal"":true,""heading"":19.65,""pitch"":15.76,""roll"":16.66},{""body"":""right_forearm"",""ok"":true,""cal"":true,""heading"":23.94,""pitch"":-4.78,""roll"":45.38},{""body"":""left_hand"",""ok"":true,""cal"":true,""heading"":15.6,""pitch"":-4.88,""roll"":0.79},{""body"":""right_hand"",""ok"":true,""cal"":true,""heading"":-35.72,""pitch"":-0.34,""roll"":41.35}]}"
2026-08-28 16:08:58.413,1787904538.413,500705,,"{""seq"":9912,""timestamp"":500705,""system"":"""",""imu_data"":[{""body"":""back_upper"",""ok"":true,""cal"":true,""heading"":0.47,""pitch"":-22.5,""roll"":-18.85},{""body"":""back_lower"",""ok"":true,""cal"":true,""heading"":1.98,""pitch"":22.2,""roll"":21.89},{""body"":""left_arm"",""ok"":true,""cal"":true,""heading"":20.22,""pitch"":-19.82,""roll"":22.45},{""body"":""right_arm"",""ok"":true,""cal"":true,""heading"":-25.01,""pitch"":32.54,""roll"":56.86},{""body"":""left_forearm"",""ok"":true,""cal"":true,""heading"":19.78,""pitch"":15.35,""roll"":16.48},{""body"":""right_forearm"",""ok"":true,""cal"":true,""heading"":23.59,""pitch"":-4.52,""roll"":45.59},{""body"":""left_hand"",""ok"":true,""cal"":true,""heading"":15.51,""pitch"":-4.82,""roll"":0.98},{""body"":""right_hand"",""ok"":true,""cal"":true,""heading"":-35.79,""pitch"":-0.49,""roll"":40.74}]}"
2026-08-28 16:08:58.566,1787904538.566,500858,,"{""seq"":9915,""timestamp"":500858,""system"":"""",""imu_data"":[{""body"":""back_upper"",""ok"":true,""cal"":true,""heading"":0.43,""pitch"":-22.5,""roll"":-18.92},{""body"":""back_lower"",""ok"":true,""cal"":true,""heading"":1.98,""pitch"":22.2,""roll"":21.98},{""body"":""left_arm"",""ok"":true,""cal"":true,""heading"":20.31,""pitch"":-19.63,""roll"":22.43},{""body"":""right_arm"",""ok"":true,""cal"":true,""heading"":-25.0,""pitch"":32.7,""roll"":56.75},{""body"":""left_forearm"",""ok"":true,""cal"":true,""heading"":19.88,""pitch"":15.2,""roll"":16.29},{""body"":""right_forearm"",""ok"":true,""cal"":true,""heading"":23.38,""pitch"":-4.34,""roll"":45.68},{""body"":""left_hand"",""ok"":true,""cal"":true,""heading"":15.49,""pitch"":-4.85,""roll"":0.38},{""body"":""right_hand"",""ok"":true,""cal"":true,""heading"":-35.81,""pitch"":-0.33,""roll"":40.31}]}"
2026-08-28 16:08:58.706,1787904538.706,500998,,"{""seq"":9918,""timestamp"":500998,""system"":"""",""imu_data"":[{""body"":""back_upper"",""ok"":true,""cal"":true,""heading"":0.44,""pitch"":-22.48,""roll"":-19.04},{""body"":""back_lower"",""ok"":true,""cal"":true,""heading"":1.96,""pitch"":22.16,""roll"":21.97},{""body"":""left_arm"",""ok"":true,""cal"":true,""heading"":20.59,""pitch"":-19.47,""roll"":22.22},{""body"":""right_arm"",""ok"":true,""cal"":true,""heading"":-25.23,""pitch"":32.77,""roll"":56.38},{""body"":""left_forearm"",""ok"":true,""cal"":true,""heading"":20.15,""pitch"":15.0,""roll"":16.16},{""body"":""right_forearm"",""ok"":true,""cal"":true,""heading"":23.16,""pitch"":-4.13,""roll"":45.66},{""body"":""left_hand"",""ok"":true,""cal"":true,""heading"":15.52,""pitch"":-4.75,""roll"":-0.4},{""body"":""right_hand"",""ok"":true,""cal"":true,""heading"":-35.65,""pitch"":-0.32,""roll"":39.84}]}"
2026-08-28 16:08:58.887,1787904538.887,501179,,"{""seq"":9922,""timestamp"":501179,""system"":"""",""imu_data"":[{""body"":""back_upper"",""ok"":true,""cal"":true,""heading"":0.54,""pitch"":-22.57,""roll"":-19.27},{""body"":""back_lower"",""ok"":true,""cal"":true,""heading"":1.96,""pitch"":22.17,""roll"":21.97},{""body"":""left_arm"",""ok"":true,""cal"":true,""heading"":21.41,""pitch"":-19.0,""roll"":21.6},{""body"":""right_arm"",""ok"":true,""cal"":true,""heading"":-25.34,""pitch"":33.03,""roll"":55.68},{""body"":""left_forearm"",""ok"":true,""cal"":true,""heading"":20.78,""pitch"":13.63,""roll"":15.41},{""body"":""right_forearm"",""ok"":true,""cal"":true,""heading"":22.39,""pitch"":-3.63,""roll"":45.56},{""body"":""left_hand"",""ok"":true,""cal"":true,""heading"":16.24,""pitch"":-8.39,""roll"":-3.28},{""body"":""right_hand"",""ok"":true,""cal"":true,""heading"":-35.39,""pitch"":-0.06,""roll"":38.46}]}"
2026-08-28 16:08:59.108,1787904539.108,501400,,"{""seq"":9927,""timestamp"":501400,""system"":"""",""imu_data"":[{""body"":""back_upper"",""ok"":true,""cal"":true,""heading"":0.81,""pitch"":-22.69,""roll"":-19.87},{""body"":""back_lower"",""ok"":true,""cal"":true,""heading"":1.96,""pitch"":22.13,""roll"":21.99},{""body"":""left_arm"",""ok"":true,""cal"":true,""heading"":22.65,""pitch"":-16.9,""roll"":20.09},{""body"":""right_arm"",""ok"":true,""cal"":true,""heading"":-28.23,""pitch"":30.89,""roll"":51.35},{""body"":""left_forearm"",""ok"":true,""cal"":true,""heading"":17.42,""pitch"":8.86,""roll"":10.11},{""body"":""right_forearm"",""ok"":true,""cal"":true,""heading"":18.32,""pitch"":-3.01,""roll"":39.78},{""body"":""left_hand"",""ok"":true,""cal"":true,""heading"":23.02,""pitch"":-34.68,""roll"":-24.2},{""body"":""right_hand"",""ok"":true,""cal"":true,""heading"":-23.71,""pitch"":13.9,""roll"":23.03}]}"
2026-08-28 16:08:59.258,1787904539.258,501550,,"{""seq"":9930,""timestamp"":501550,""system"":"""",""imu_data"":[{""body"":""back_upper"",""ok"":true,""cal"":true,""heading"":0.9,""pitch"":-22.81,""roll"":-20.17},{""body"":""back_lower"",""ok"":true,""cal"":true,""heading"":1.92,""pitch"":22.24,""roll"":21.84},{""body"":""left_arm"",""ok"":true,""cal"":true,""heading"":22.93,""pitch"":-13.61,""roll"":18.07},{""body"":""right_arm"",""ok"":true,""cal"":true,""heading"":-31.6,""pitch"":26.99,""roll"":46.75},{""body"":""left_forearm"",""ok"":true,""cal"":true,""heading"":14.46,""pitch"":5.21,""roll"":3.89},{""body"":""right_forearm"",""ok"":true,""cal"":true,""heading"":13.31,""pitch"":-4.96,""roll"":29.33},{""body"":""left_hand"",""ok"":true,""cal"":true,""heading"":22.03,""pitch"":-42.49,""roll"":-35.79},{""body"":""right_hand"",""ok"":true,""cal"":true,""heading"":-10.97,""pitch"":18.25,""roll"":7.75}]}"
2026-08-28 16:08:59.406,1787904539.406,501698,,"{""seq"":9933,""timestamp"":501698,""system"":"""",""imu_data"":[{""body"":""back_upper"",""ok"":true,""cal"":true,""heading"":0.8,""pitch"":-22.97,""roll"":-20.28},{""body"":""back_lower"",""ok"":true,""cal"":true,""heading"":1.9,""pitch"":22.31,""roll"":21.8},{""body"":""left_arm"",""ok"":true,""cal"":true,""heading"":22.22,""pitch"":-10.85,""roll"":16.61},{""body"":""right_arm"",""ok"":true,""cal"":true,""heading"":-32.67,""pitch"":23.7,""roll"":44.57},{""body"":""left_forearm"",""ok"":true,""cal"":true,""heading"":10.55,""pitch"":1.31,""roll"":-3.68},{""body"":""right_forearm"",""ok"":true,""cal"":true,""heading"":10.43,""pitch"":-9.63,""roll"":16.33},{""body"":""left_hand"",""ok"":true,""cal"":true,""heading"":12.88,""pitch"":-49.11,""roll"":-35.53},{""body"":""right_hand"",""ok"":true,""cal"":true,""heading"":3.77,""pitch"":20.17,""roll"":0.15}]}"
2026-08-28 16:08:59.601,1787904539.601,501893,,"{""seq"":9937,""timestamp"":501893,""system"":"""",""imu_data"":[{""body"":""back_upper"",""ok"":true,""cal"":true,""heading"":0.84,""pitch"":-22.75,""roll"":-20.39},{""body"":""back_lower"",""ok"":true,""cal"":true,""heading"":1.88,""pitch"":22.25,""roll"":21.77},{""body"":""left_arm"",""ok"":true,""cal"":true,""heading"":19.81,""pitch"":-9.43,""roll"":14.92},{""body"":""right_arm"",""ok"":true,""cal"":true,""heading"":-31.12,""pitch"":21.87,""roll"":43.51},{""body"":""left_forearm"",""ok"":true,""cal"":true,""heading"":3.29,""pitch"":-5.69,""roll"":-13.9},{""body"":""right_forearm"",""ok"":true,""cal"":true,""heading"":12.95,""pitch"":-13.3,""roll"":-0.58},{""body"":""left_hand"",""ok"":true,""cal"":true,""heading"":-11.9,""pitch"":-66.15,""roll"":-28.48},{""body"":""right_hand"",""ok"":true,""cal"":true,""heading"":26.62,""pitch"":27.13,""roll"":3.11}]}"
2026-08-28 16:08:59.740,1787904539.74,502032,,"{""seq"":9940,""timestamp"":502032,""system"":"""",""imu_data"":[{""body"":""back_upper"",""ok"":true,""cal"":true,""heading"":1.0,""pitch"":-22.53,""roll"":-20.46},{""body"":""back_lower"",""ok"":true,""cal"":true,""heading"":1.81,""pitch"":22.07,""roll"":21.76},{""body"":""left_arm"",""ok"":true,""cal"":true,""heading"":18.67,""pitch"":-10.75,""roll"":13.73},{""body"":""right_arm"",""ok"":true,""cal"":true,""heading"":-29.62,""pitch"":22.59,""roll"":43.88},{""body"":""left_forearm"",""ok"":true,""cal"":true,""heading"":-1.33,""pitch"":-12.22,""roll"":-19.21},{""body"":""right_forearm"",""ok"":true,""cal"":true,""heading"":16.33,""pitch"":-13.86,""roll"":-9.68},{""body"":""left_hand"",""ok"":true,""cal"":true,""heading"":-43.94,""pitch"":-79.15,""roll"":-11.33},{""body"":""right_hand"",""ok"":true,""cal"":true,""heading"":42.05,""pitch"":32.66,""roll"":6.22}]}"
2026-08-28 16:08:59.891,1787904539.891,502183,,"{""seq"":9943,""timestamp"":502183,""system"":"""",""imu_data"":[{""body"":""back_upper"",""ok"":true,""cal"":true,""heading"":1.1,""pitch"":-22.56,""roll"":-20.49},{""body"":""back_lower"",""ok"":true,""cal"":true,""heading"":1.81,""pitch"":22.07,""roll"":21.78},{""body"":""left_arm"",""ok"":true,""cal"":true,""heading"":18.39,""pitch"":-13.29,""roll"":12.62},{""body"":""right_arm"",""ok"":true,""cal"":true,""heading"":-28.61,""pitch"":23.87,""roll"":44.36},{""body"":""left_forearm"",""ok"":true,""cal"":true,""heading"":-4.35,""pitch"":-17.55,""roll"":-21.69},{""body"":""right_forearm"",""ok"":true,""cal"":true,""heading"":18.5,""pitch"":-13.45,""roll"":-15.15},{""body"":""left_hand"",""ok"":true,""cal"":true,""heading"":-135.87,""pitch"":-81.43,""roll"":69.75},{""body"":""right_hand"",""ok"":true,""cal"":true,""heading"":52.89,""pitch"":35.73,""roll"":11.8}]}"
2026-08-28 16:09:00.091,1787904540.091,502383,,"{""seq"":9947,""timestamp"":502383,""system"":"""",""imu_data"":[{""body"":""back_upper"",""ok"":true,""cal"":true,""heading"":1.0,""pitch"":-22.7,""roll"":-20.5},{""body"":""back_lower"",""ok"":true,""cal"":true,""heading"":1.74,""pitch"":22.18,""roll"":21.86},{""body"":""left_arm"",""ok"":true,""cal"":true,""heading"":19.85,""pitch"":-12.72,""roll"":11.91},{""body"":""right_arm"",""ok"":true,""cal"":true,""heading"":-29.75,""pitch"":24.25,""roll"":43.32},{""body"":""left_forearm"",""ok"":true,""cal"":true,""heading"":-2.5,""pitch"":-18.26,""roll"":-21.43},{""body"":""right_forearm"",""ok"":true,""cal"":true,""heading"":16.89,""pitch"":-12.87,""roll"":-14.36},{""body"":""left_hand"",""ok"":true,""cal"":true,""heading"":-164.37,""pitch"":-85.05,""roll"":94.81},{""body"":""right_hand"",""ok"":true,""cal"":true,""heading"":53.2,""pitch"":37.6,""roll"":12.18}]}"
2026-08-28 16:09:00.303,1787904540.303,502595,,"{""seq"":9951,""timestamp"":502595,""system"":"""",""imu_data"":[{""body"":""back_upper"",""ok"":true,""cal"":true,""heading"":0.94,""pitch"":-22.78,""roll"":-20.99},{""body"":""back_lower"",""ok"":true,""cal"":true,""heading"":1.68,""pitch"":22.22,""roll"":22.07},{""body"":""left_arm"",""ok"":true,""cal"":true,""heading"":24.65,""pitch"":-7.69,""roll"":10.87},{""body"":""right_arm"",""ok"":true,""cal"":true,""heading"":-35.41,""pitch"":22.34,""roll"":38.81},{""body"":""left_forearm"",""ok"":true,""cal"":true,""heading"":6.7,""pitch"":-14.59,""roll"":-17.54},{""body"":""right_forearm"",""ok"":true,""cal"":true,""heading"":7.68,""pitch"":-10.23,""roll"":-3.06},{""body"":""left_hand"",""ok"":true,""cal"":true,""heading"":43.27,""pitch"":-74.96,""roll"":-114.26},{""body"":""right_hand"",""ok"":true,""cal"":true,""heading"":34.12,""pitch"":38.96,""roll"":0.88}]}"
2026-08-28 16:09:00.503,1787904540.503,502795,,"{""seq"":9955,""timestamp"":502795,""system"":"""",""imu_data"":[{""body"":""back_upper"",""ok"":true,""cal"":true,""heading"":1.13,""pitch"":-22.87,""roll"":-22.15},{""body"":""back_lower"",""ok"":true,""cal"":true,""heading"":1.66,""pitch"":22.14,""roll"":22.55},{""body"":""left_arm"",""ok"":true,""cal"":true,""heading"":29.49,""pitch"":-1.86,""roll"":9.49},{""body"":""right_arm"",""ok"":true,""cal"":true,""heading"":-38.18,""pitch"":22.17,""roll"":35.53},{""body"":""left_forearm"",""ok"":true,""cal"":true,""heading"":18.47,""pitch"":-7.57,""roll"":-13.89},{""body"":""right_forearm"",""ok"":true,""cal"":true,""heading"":-3.0,""pitch"":-6.6,""roll"":15.95},{""body"":""left_hand"",""ok"":true,""cal"":true,""heading"":19.81,""pitch"":-44.41,""roll"":-81.34},{""body"":""right_hand"",""ok"":true,""cal"":true,""heading"":6.77,""pitch"":26.82,""roll"":-14.81}]}"
2026-08-28 16:09:00.672,1787904540.672,502964,,"{""seq"":9958,""timestamp"":502964,""system"":"""",""imu_data"":[{""body"":""back_upper"",""ok"":true,""cal"":true,""heading"":1.22,""pitch"":-22.39,""roll"":-23.13},{""body"":""back_lower"",""ok"":true,""cal"":true,""heading"":1.62,""pitch"":21.66,""roll"":23.22},{""body"":""left_arm"",""ok"":true,""cal"":true,""heading"":31.49,""pitch"":1.47,""roll"":7.41},{""body"":""right_arm"",""ok"":true,""cal"":true,""heading"":-38.93,""pitch"":23.42,""roll"":34.45},{""body"":""left_forearm"",""ok"":true,""cal"":true,""heading"":25.29,""pitch"":-1.39,""roll"":-12.73},{""body"":""right_forearm"",""ok"":true,""cal"":true,""heading"":-7.17,""pitch"":-4.18,""roll"":27.22},{""body"":""left_hand"",""ok"":true,""cal"":true,""heading"":-2.45,""pitch"":-12.09,""roll"":-56.44},{""body"":""right_hand"",""ok"":true,""cal"":true,""heading"":-13.41,""pitch"":1.81,""roll"":-14.3}]}"
2026-08-28 16:09:00.775,1787904540.775,503067,,"{""seq"":9960,""timestamp"":503067,""system"":"""",""imu_data"":[{""body"":""back_upper"",""ok"":true,""cal"":true,""heading"":1.34,""pitch"":-22.52,""roll"":-23.95},{""body"":""back_lower"",""ok"":true,""cal"":true,""heading"":1.63,""pitch"":21.65,""roll"":23.7},{""body"":""left_arm"",""ok"":true,""cal"":true,""heading"":32.57,""pitch"":3.14,""roll"":6.87},{""body"":""right_arm"",""ok"":true,""cal"":true,""heading"":-38.97,""pitch"":24.88,""roll"":35.14},{""body"":""left_forearm"",""ok"":true,""cal"":true,""heading"":29.49,""pitch"":1.41,""roll"":-10.85},{""body"":""right_forearm"",""ok"":true,""cal"":true,""heading"":-8.59,""pitch"":-2.06,""roll"":34.69},{""body"":""left_hand"",""ok"":true,""cal"":true,""heading"":-2.52,""pitch"":-4.23,""roll"":-47.25},{""body"":""right_hand"",""ok"":true,""cal"":true,""heading"":-22.22,""pitch"":-7.5,""roll"":-5.24}]}"
2026-08-28 16:09:00.936,1787904540.936,503228,,"{""seq"":9963,""timestamp"":503228,""system"":"""",""imu_data"":[{""body"":""back_upper"",""ok"":true,""cal"":true,""heading"":1.35,""pitch"":-22.43,""roll"":-24.6},{""body"":""back_lower"",""ok"":true,""cal"":true,""heading"":1.54,""pitch"":21.39,""roll"":24.33},{""body"":""left_arm"",""ok"":true,""cal"":true,""heading"":33.51,""pitch"":1.63,""roll"":5.11},{""body"":""right_arm"",""ok"":true,""cal"":true,""heading"":-39.07,""pitch"":27.21,""roll"":36.82},{""body"":""left_forearm"",""ok"":true,""cal"":true,""heading"":32.01,""pitch"":1.47,""roll"":-9.88},{""body"":""right_forearm"",""ok"":true,""cal"":true,""heading"":-8.26,""pitch"":-0.18,""roll"":39.9},{""body"":""left_hand"",""ok"":true,""cal"":true,""heading"":-0.31,""pitch"":-2.29,""roll"":-40.89},{""body"":""right_hand"",""ok"":true,""cal"":true,""heading"":-28.4,""pitch"":-9.48,""roll"":1.28}]}"
2026-08-28 16:09:01.100,1787904541.1,503392,,"{""seq"":9966,""timestamp"":503392,""system"":"""",""imu_data"":[{""body"":""back_upper"",""ok"":true,""cal"":true,""heading"":1.4,""pitch"":-22.09,""roll"":-25.45},{""body"":""back_lower"",""ok"":true,""cal"":true,""heading"":1.55,""pitch"":21.17,""roll"":24.91},{""body"":""left_arm"",""ok"":true,""cal"":true,""heading"":32.91,""pitch"":5.41,""roll"":0.54},{""body"":""right_arm"",""ok"":true,""cal"":true,""heading"":-39.62,""pitch"":26.71,""roll"":35.92},{""body"":""left_forearm"",""ok"":true,""cal"":true,""heading"":30.66,""pitch"":-3.09,""roll"":-17.59},{""body"":""right_forearm"",""ok"":true,""cal"":true,""heading"":-9.47,""pitch"":-0.34,""roll"":39.14},{""body"":""left_hand"",""ok"":true,""cal"":true,""heading"":-9.55,""pitch"":-8.12,""roll"":-35.22},{""body"":""right_hand"",""ok"":true,""cal"":true,""heading"":-25.7,""pitch"":-11.15,""roll"":0.74}]}"
2026-08-28 16:09:01.257,1787904541.257,503549,,"{""seq"":9969,""timestamp"":503549,""system"":"""",""imu_data"":[{""body"":""back_upper"",""ok"":true,""cal"":true,""heading"":1.3,""pitch"":-21.75,""roll"":-25.74},{""body"":""back_lower"",""ok"":true,""cal"":true,""heading"":1.5,""pitch"":20.99,""roll"":25.23},{""body"":""left_arm"",""ok"":true,""cal"":true,""heading"":30.09,""pitch"":9.8,""roll"":-6.34},{""body"":""right_arm"",""ok"":true,""cal"":true,""heading"":-40.52,""pitch"":25.32,""roll"":33.37},{""body"":""left_forearm"",""ok"":true,""cal"":true,""heading"":29.27,""pitch"":-8.3,""roll"":-25.82},{""body"":""right_forearm"",""ok"":true,""cal"":true,""heading"":-11.94,""pitch"":-0.74,""roll"":36.17},{""body"":""left_hand"",""ok"":true,""cal"":true,""heading"":-20.0,""pitch"":-13.76,""roll"":-31.48},{""body"":""right_hand"",""ok"":true,""cal"":true,""heading"":-22.12,""pitch"":-11.98,""roll"":-2.25}]}"
2026-08-28 16:09:01.509,1787904541.509,503801,,"{""seq"":9974,""timestamp"":503801,""system"":"""",""imu_data"":[{""body"":""back_upper"",""ok"":true,""cal"":true,""heading"":1.3,""pitch"":-21.78,""roll"":-28.31},{""body"":""back_lower"",""ok"":true,""cal"":true,""heading"":1.6,""pitch"":20.62,""roll"":27.34},{""body"":""left_arm"",""ok"":true,""cal"":true,""heading"":27.34,""pitch"":13.99,""roll"":-12.52},{""body"":""right_arm"",""ok"":true,""cal"":true,""heading"":-44.6,""pitch"":21.3,""roll"":28.78},{""body"":""left_forearm"",""ok"":true,""cal"":true,""heading"":28.79,""pitch"":-12.74,""roll"":-33.35},{""body"":""right_forearm"",""ok"":true,""cal"":true,""heading"":-21.45,""pitch"":-2.52,""roll"":34.85},{""body"":""left_hand"",""ok"":true,""cal"":true,""heading"":-29.17,""pitch"":-19.74,""roll"":-27.59},{""body"":""right_hand"",""ok"":true,""cal"":true,""heading"":-18.67,""pitch"":-17.01,""roll"":-12.15}]}"
2026-08-28 16:09:01.709,1787904541.709,504001,,"{""seq"":9978,""timestamp"":504001,""system"":"""",""imu_data"":[{""body"":""back_upper"",""ok"":true,""cal"":true,""heading"":1.06,""pitch"":-21.47,""roll"":-31.23},{""body"":""back_lower"",""ok"":true,""cal"":true,""heading"":1.68,""pitch"":19.94,""roll"":30.03},{""body"":""left_arm"",""ok"":true,""cal"":true,""heading"":27.29,""pitch"":15.57,""roll"":-14.32},{""body"":""right_arm"",""ok"":true,""cal"":true,""heading"":-48.25,""pitch"":18.28,""roll"":26.28},{""body"":""left_forearm"",""ok"":true,""cal"":true,""heading"":29.05,""pitch"":-14.95,""roll"":-36.19},{""body"":""right_forearm"",""ok"":true,""cal"":true,""heading"":-26.71,""pitch"":-2.98,""roll"":35.24},{""body"":""left_hand"",""ok"":true,""cal"":true,""heading"":-32.76,""pitch"":-21.76,""roll"":-24.05},{""body"":""right_hand"",""ok"":true,""cal"":true,""heading"":-17.9,""pitch"":-18.73,""roll"":-16.91}]}"
2026-08-28 16:09:01.853,1787904541.853,504145,,"{""seq"":9981,""timestamp"":504145,""system"":"""",""imu_data"":[{""body"":""back_upper"",""ok"":true,""cal"":true,""heading"":0.65,""pitch"":-21.63,""roll"":-32.65},{""body"":""back_lower"",""ok"":true,""cal"":true,""heading"":1.82,""pitch"":19.76,""roll"":31.56},{""body"":""left_arm"",""ok"":true,""cal"":true,""heading"":27.11,""pitch"":16.58,""roll"":-14.81},{""body"":""right_arm"",""ok"":true,""cal"":true,""heading"":-49.81,""pitch"":17.48,""roll"":25.35},{""body"":""left_forearm"",""ok"":true,""cal"":true,""heading"":29.04,""pitch"":-15.51,""roll"":-37.72},{""body"":""right_forearm"",""ok"":true,""cal"":true,""heading"":-28.52,""pitch"":-3.08,""roll"":35.27},{""body"":""left_hand"",""ok"":true,""cal"":true,""heading"":-34.65,""pitch"":-22.43,""roll"":-22.66},{""body"":""right_hand"",""ok"":true,""cal"":true,""heading"":-17.52,""pitch"":-18.85,""roll"":-17.85}]}"
2026-08-28 16:09:02.006,1787904542.006,504298,,"{""seq"":9984,""timestamp"":504298,""system"":"""",""imu_data"":[{""body"":""back_upper"",""ok"":true,""cal"":true,""heading"":0.2,""pitch"":-21.87,""roll"":-33.61},{""body"":""back_lower"",""ok"":true,""cal"":true,""heading"":1.88,""pitch"":19.79,""roll"":32.51},{""body"":""left_arm"",""ok"":true,""cal"":true,""heading"":26.59,""pitch"":17.72,""roll"":-15.61},{""body"":""right_arm"",""ok"":true,""cal"":true,""heading"":-50.76,""pitch"":17.02,""roll"":24.88},{""body"":""left_forearm"",""ok"":true,""cal"":true,""heading"":30.47,""pitch"":-15.32,""roll"":-38.98},{""body"":""right_forearm"",""ok"":true,""cal"":true,""heading"":-29.67,""pitch"":-3.15,""roll"":35.37},{""body"":""left_hand"",""ok"":true,""cal"":true,""heading"":-35.52,""pitch"":-22.39,""roll"":-22.09},{""body"":""right_hand"",""ok"":true,""cal"":true,""heading"":-17.3,""pitch"":-18.99,""roll"":-18.52}]}"
2026-08-28 16:09:02.220,1787904542.22,504512,,"{""seq"":9988,""timestamp"":504512,""system"":"""",""imu_data"":[{""body"":""back_upper"",""ok"":true,""cal"":true,""heading"":-0.08,""pitch"":-22.32,""roll"":-34.22},{""body"":""back_lower"",""ok"":true,""cal"":true,""heading"":2.02,""pitch"":19.81,""roll"":33.05},{""body"":""left_arm"",""ok"":true,""cal"":true,""heading"":24.76,""pitch"":19.24,""roll"":-18.15},{""body"":""right_arm"",""ok"":true,""cal"":true,""heading"":-51.1,""pitch"":17.06,""roll"":24.77},{""body"":""left_forearm"",""ok"":true,""cal"":true,""heading"":31.81,""pitch"":-14.14,""roll"":-39.95},{""body"":""right_forearm"",""ok"":true,""cal"":true,""heading"":-30.03,""pitch"":-3.19,""roll"":35.43},{""body"":""left_hand"",""ok"":true,""cal"":true,""heading"":-39.38,""pitch"":-21.17,""roll"":-19.5},{""body"":""right_hand"",""ok"":true,""cal"":true,""heading"":-17.16,""pitch"":-18.87,""roll"":-18.92}]}"
2026-08-28 16:09:02.381,1787904542.381,504673,,"{""seq"":9991,""timestamp"":504673,""system"":"""",""imu_data"":[{""body"":""back_upper"",""ok"":true,""cal"":true,""heading"":-0.25,""pitch"":-22.55,""roll"":-34.13},{""body"":""back_lower"",""ok"":true,""cal"":true,""heading"":2.14,""pitch"":19.83,""roll"":33.16},{""body"":""left_arm"",""ok"":true,""cal"":true,""heading"":23.54,""pitch"":19.57,""roll"":-19.9},{""body"":""right_arm"",""ok"":true,""cal"":true,""heading"":-50.93,""pitch"":17.07,""roll"":24.91},{""body"":""left_forearm"",""ok"":true,""cal"":true,""heading"":32.36,""pitch"":-13.71,""roll"":-40.06},{""body"":""right_forearm"",""ok"":true,""cal"":true,""heading"":-29.96,""pitch"":-3.45,""roll"":35.36},{""body"":""left_hand"",""ok"":true,""cal"":true,""heading"":-39.26,""pitch"":-18.93,""roll"":-19.67},{""body"":""right_hand"",""ok"":true,""cal"":true,""heading"":-16.99,""pitch"":-18.54,""roll"":-18.73}]}"
2026-08-28 16:09:02.542,1787904542.542,504834,,"{""seq"":9994,""timestamp"":504834,""system"":"""",""imu_data"":[{""body"":""back_upper"",""ok"":true,""cal"":true,""heading"":-0.4,""pitch"":-22.77,""roll"":-34.17},{""body"":""back_lower"",""ok"":true,""cal"":true,""heading"":2.16,""pitch"":19.91,""roll"":33.31},{""body"":""left_arm"",""ok"":true,""cal"":true,""heading"":23.23,""pitch"":19.86,""roll"":-20.44},{""body"":""right_arm"",""ok"":true,""cal"":true,""heading"":-51.1,""pitch"":17.11,""roll"":24.88},{""body"":""left_forearm"",""ok"":true,""cal"":true,""heading"":32.49,""pitch"":-13.2,""roll"":-40.18},{""body"":""right_forearm"",""ok"":true,""cal"":true,""heading"":-30.1,""pitch"":-3.4,""roll"":35.4},{""body"":""left_hand"",""ok"":true,""cal"":true,""heading"":-38.72,""pitch"":-18.77,""roll"":-19.07},{""body"":""right_hand"",""ok"":true,""cal"":true,""heading"":-16.97,""pitch"":-18.44,""roll"":-18.83}]}"
2026-08-28 16:09:02.692,1787904542.692,504984,,"{""seq"":9997,""timestamp"":504984,""system"":"""",""imu_data"":[{""body"":""back_upper"",""ok"":true,""cal"":true,""heading"":-0.56,""pitch"":-23.0,""roll"":-34.09},{""body"":""back_lower"",""ok"":true,""cal"":true,""heading"":2.2,""pitch"":19.98,""roll"":33.45},{""body"":""left_arm"",""ok"":true,""cal"":true,""heading"":21.97,""pitch"":19.97,""roll"":-21.12},{""body"":""right_arm"",""ok"":true,""cal"":true,""heading"":-51.34,""pitch"":17.16,""roll"":24.9},{""body"":""left_forearm"",""ok"":true,""cal"":true,""heading"":31.83,""pitch"":-12.92,""roll"":-40.25},{""body"":""right_forearm"",""ok"":true,""cal"":true,""heading"":-30.14,""pitch"":-3.35,""roll"":35.71},{""body"":""left_hand"",""ok"":true,""cal"":true,""heading"":-40.1,""pitch"":-17.58,""roll"":-19.86},{""body"":""right_hand"",""ok"":true,""cal"":true,""heading"":-17.26,""pitch"":-18.62,""roll"":-18.75}]}"
2026-08-28 16:09:02.853,1787904542.853,505145,,"{""seq"":10000,""timestamp"":505145,""system"":"""",""imu_data"":[{""body"":""back_upper"",""ok"":true,""cal"":true,""heading"":-0.55,""pitch"":-23.52,""roll"":-34.04},{""body"":""back_lower"",""ok"":true,""cal"":true,""heading"":2.3,""pitch"":20.11,""roll"":33.63},{""body"":""left_arm"",""ok"":true,""cal"":true,""heading"":21.62,""pitch"":19.9,""roll"":-22.02},{""body"":""right_arm"",""ok"":true,""cal"":true,""heading"":-51.48,""pitch"":17.5,""roll"":25.12},{""body"":""left_forearm"",""ok"":true,""cal"":true,""heading"":32.26,""pitch"":-13.4,""roll"":-40.35},{""body"":""right_forearm"",""ok"":true,""cal"":true,""heading"":-29.87,""pitch"":-3.06,""roll"":35.99},{""body"":""left_hand"",""ok"":true,""cal"":true,""heading"":-39.06,""pitch"":-17.3,""roll"":-22.03},{""body"":""right_hand"",""ok"":true,""cal"":true,""heading"":-17.69,""pitch"":-18.25,""roll"":-18.34}]}"
2026-08-28 16:09:03.054,1787904543.054,505346,,"{""seq"":10004,""timestamp"":505346,""system"":"""",""imu_data"":[{""body"":""back_upper"",""ok"":true,""cal"":true,""heading"":-0.66,""pitch"":-24.07,""roll"":-33.44},{""body"":""back_lower"",""ok"":true,""cal"":true,""heading"":2.47,""pitch"":20.39,""roll"":33.7},{""body"":""left_arm"",""ok"":true,""cal"":true,""heading"":20.97,""pitch"":20.05,""roll"":-23.19},{""body"":""right_arm"",""ok"":true,""cal"":true,""heading"":-51.42,""pitch"":18.04,""roll"":25.46},{""body"":""left_forearm"",""ok"":true,""cal"":true,""heading"":32.77,""pitch"":-13.4,""roll"":-40.65},{""body"":""right_forearm"",""ok"":true,""cal"":true,""heading"":-29.29,""pitch"":-2.83,""roll"":36.22},{""body"":""left_hand"",""ok"":true,""cal"":true,""heading"":-39.63,""pitch"":-17.43,""roll"":-21.85},{""body"":""right_hand"",""ok"":true,""cal"":true,""heading"":-18.11,""pitch"":-17.84,""roll"":-17.74}]}"
